shopify_id,handle,titel,sku,niveau,reden
10645105705293,vezelpakket,Vezelpakket,,variant,geen SKU (pakket of samenstelling van losse producten)
10602708304205,gum,Gum,GUM,product,producttype '(leeg)' is geen voedingsmiddel of supplement
10587714814285,diet-receptenboek,Receptenboek Diet,RBD,product,producttype 'Receptenboek' is geen voedingsmiddel of supplement
10573149208909,bewaarbus,Bewaarbus,BB,product,producttype '(leeg)' is geen voedingsmiddel of supplement
10023564116301,dagelijks-vitaminepakket,Dagelijks vitaminepakket,,variant,geen SKU (pakket of samenstelling van losse producten)
10023430553933,hero-pakket-1,Hero Pakket,,variant,geen SKU (pakket of samenstelling van losse producten)
10023430553933,hero-pakket-1,Hero Pakket,,variant,geen SKU (pakket of samenstelling van losse producten)
10023430553933,hero-pakket-1,Hero Pakket,,variant,geen SKU (pakket of samenstelling van losse producten)
10023430553933,hero-pakket-1,Hero Pakket,,variant,geen SKU (pakket of samenstelling van losse producten)
10023420559693,protein-pakket,Protein Pakket,,variant,geen SKU (pakket of samenstelling van losse producten)
10023420559693,protein-pakket,Protein Pakket,,variant,geen SKU (pakket of samenstelling van losse producten)
10023420559693,protein-pakket,Protein Pakket,,variant,geen SKU (pakket of samenstelling van losse producten)
10023420559693,protein-pakket,Protein Pakket,,variant,geen SKU (pakket of samenstelling van losse producten)
10023420559693,protein-pakket,Protein Pakket,,variant,geen SKU (pakket of samenstelling van losse producten)
10023420559693,protein-pakket,Protein Pakket,,variant,geen SKU (pakket of samenstelling van losse producten)
10023420559693,protein-pakket,Protein Pakket,,variant,geen SKU (pakket of samenstelling van losse producten)
10023420559693,protein-pakket,Protein Pakket,,variant,geen SKU (pakket of samenstelling van losse producten)
10023420559693,protein-pakket,Protein Pakket,,variant,geen SKU (pakket of samenstelling van losse producten)
10023420559693,protein-pakket,Protein Pakket,,variant,geen SKU (pakket of samenstelling van losse producten)
10023420559693,protein-pakket,Protein Pakket,,variant,geen SKU (pakket of samenstelling van losse producten)
10023420559693,protein-pakket,Protein Pakket,,variant,geen SKU (pakket of samenstelling van losse producten)
10023420559693,protein-pakket,Protein Pakket,,variant,geen SKU (pakket of samenstelling van losse producten)
10023420559693,protein-pakket,Protein Pakket,,variant,geen SKU (pakket of samenstelling van losse producten)
10023420559693,protein-pakket,Protein Pakket,,variant,geen SKU (pakket of samenstelling van losse producten)
10023420559693,protein-pakket,Protein Pakket,,variant,geen SKU (pakket of samenstelling van losse producten)
10023420559693,protein-pakket,Protein Pakket,,variant,geen SKU (pakket of samenstelling van losse producten)
10023420559693,protein-pakket,Protein Pakket,,variant,geen SKU (pakket of samenstelling van losse producten)
10023420559693,protein-pakket,Protein Pakket,,variant,geen SKU (pakket of samenstelling van losse producten)
10023420559693,protein-pakket,Protein Pakket,,variant,geen SKU (pakket of samenstelling van losse producten)
10023420559693,protein-pakket,Protein Pakket,,variant,geen SKU (pakket of samenstelling van losse producten)
10023420559693,protein-pakket,Protein Pakket,,variant,geen SKU (pakket of samenstelling van losse producten)
10023420559693,protein-pakket,Protein Pakket,,variant,geen SKU (pakket of samenstelling van losse producten)
10023420559693,protein-pakket,Protein Pakket,,variant,geen SKU (pakket of samenstelling van losse producten)
10023420559693,protein-pakket,Protein Pakket,,variant,geen SKU (pakket of samenstelling van losse producten)
10023420559693,protein-pakket,Protein Pakket,,variant,geen SKU (pakket of samenstelling van losse producten)
10023420559693,protein-pakket,Protein Pakket,,variant,geen SKU (pakket of samenstelling van losse producten)
10023420559693,protein-pakket,Protein Pakket,,variant,geen SKU (pakket of samenstelling van losse producten)
10023420559693,protein-pakket,Protein Pakket,,variant,geen SKU (pakket of samenstelling van losse producten)
10023420559693,protein-pakket,Protein Pakket,,variant,geen SKU (pakket of samenstelling van losse producten)
10023420559693,protein-pakket,Protein Pakket,,variant,geen SKU (pakket of samenstelling van losse producten)
10023420559693,protein-pakket,Protein Pakket,,variant,geen SKU (pakket of samenstelling van losse producten)
10023420559693,protein-pakket,Protein Pakket,,variant,geen SKU (pakket of samenstelling van losse producten)
10023420559693,protein-pakket,Protein Pakket,,variant,geen SKU (pakket of samenstelling van losse producten)
10023420559693,protein-pakket,Protein Pakket,,variant,geen SKU (pakket of samenstelling van losse producten)
10023420559693,protein-pakket,Protein Pakket,,variant,geen SKU (pakket of samenstelling van losse producten)
10023425376589,afslankpakket-2,Afslankpakket,,variant,geen SKU (pakket of samenstelling van losse producten)
10023425376589,afslankpakket-2,Afslankpakket,,variant,geen SKU (pakket of samenstelling van losse producten)
10023425376589,afslankpakket-2,Afslankpakket,,variant,geen SKU (pakket of samenstelling van losse producten)
10023425376589,afslankpakket-2,Afslankpakket,,variant,geen SKU (pakket of samenstelling van losse producten)
10023425376589,afslankpakket-2,Afslankpakket,,variant,geen SKU (pakket of samenstelling van losse producten)
10023425376589,afslankpakket-2,Afslankpakket,,variant,geen SKU (pakket of samenstelling van losse producten)
10023425376589,afslankpakket-2,Afslankpakket,,variant,geen SKU (pakket of samenstelling van losse producten)
10023425376589,afslankpakket-2,Afslankpakket,,variant,geen SKU (pakket of samenstelling van losse producten)
10023425376589,afslankpakket-2,Afslankpakket,,variant,geen SKU (pakket of samenstelling van losse producten)
10023425376589,afslankpakket-2,Afslankpakket,,variant,geen SKU (pakket of samenstelling van losse producten)
10023425376589,afslankpakket-2,Afslankpakket,,variant,geen SKU (pakket of samenstelling van losse producten)
10023425376589,afslankpakket-2,Afslankpakket,,variant,geen SKU (pakket of samenstelling van losse producten)
10023425376589,afslankpakket-2,Afslankpakket,,variant,geen SKU (pakket of samenstelling van losse producten)
10023425376589,afslankpakket-2,Afslankpakket,,variant,geen SKU (pakket of samenstelling van losse producten)
10023425376589,afslankpakket-2,Afslankpakket,,variant,geen SKU (pakket of samenstelling van losse producten)
10023425376589,afslankpakket-2,Afslankpakket,,variant,geen SKU (pakket of samenstelling van losse producten)
10023425376589,afslankpakket-2,Afslankpakket,,variant,geen SKU (pakket of samenstelling van losse producten)
10023425376589,afslankpakket-2,Afslankpakket,,variant,geen SKU (pakket of samenstelling van losse producten)
10023425376589,afslankpakket-2,Afslankpakket,,variant,geen SKU (pakket of samenstelling van losse producten)
10023425376589,afslankpakket-2,Afslankpakket,,variant,geen SKU (pakket of samenstelling van losse producten)
10023425376589,afslankpakket-2,Afslankpakket,,variant,geen SKU (pakket of samenstelling van losse producten)
10023425376589,afslankpakket-2,Afslankpakket,,variant,geen SKU (pakket of samenstelling van losse producten)
10023425376589,afslankpakket-2,Afslankpakket,,variant,geen SKU (pakket of samenstelling van losse producten)
10023425376589,afslankpakket-2,Afslankpakket,,variant,geen SKU (pakket of samenstelling van losse producten)
10023425376589,afslankpakket-2,Afslankpakket,,variant,geen SKU (pakket of samenstelling van losse producten)
10023425376589,afslankpakket-2,Afslankpakket,,variant,geen SKU (pakket of samenstelling van losse producten)
10023425376589,afslankpakket-2,Afslankpakket,,variant,geen SKU (pakket of samenstelling van losse producten)
10023425376589,afslankpakket-2,Afslankpakket,,variant,geen SKU (pakket of samenstelling van losse producten)
10023425376589,afslankpakket-2,Afslankpakket,,variant,geen SKU (pakket of samenstelling van losse producten)
10023425376589,afslankpakket-2,Afslankpakket,,variant,geen SKU (pakket of samenstelling van losse producten)
10023425376589,afslankpakket-2,Afslankpakket,,variant,geen SKU (pakket of samenstelling van losse producten)
10023425376589,afslankpakket-2,Afslankpakket,,variant,geen SKU (pakket of samenstelling van losse producten)
10023425376589,afslankpakket-2,Afslankpakket,,variant,geen SKU (pakket of samenstelling van losse producten)
10023425376589,afslankpakket-2,Afslankpakket,,variant,geen SKU (pakket of samenstelling van losse producten)
10023425376589,afslankpakket-2,Afslankpakket,,variant,geen SKU (pakket of samenstelling van losse producten)
10023425376589,afslankpakket-2,Afslankpakket,,variant,geen SKU (pakket of samenstelling van losse producten)
10023425376589,afslankpakket-2,Afslankpakket,,variant,geen SKU (pakket of samenstelling van losse producten)
10023425376589,afslankpakket-2,Afslankpakket,,variant,geen SKU (pakket of samenstelling van losse producten)
10023425376589,afslankpakket-2,Afslankpakket,,variant,geen SKU (pakket of samenstelling van losse producten)
10023425376589,afslankpakket-2,Afslankpakket,,variant,geen SKU (pakket of samenstelling van losse producten)
10023425376589,afslankpakket-2,Afslankpakket,,variant,geen SKU (pakket of samenstelling van losse producten)
10023425376589,afslankpakket-2,Afslankpakket,,variant,geen SKU (pakket of samenstelling van losse producten)
10023425376589,afslankpakket-2,Afslankpakket,,variant,geen SKU (pakket of samenstelling van losse producten)
10023425376589,afslankpakket-2,Afslankpakket,,variant,geen SKU (pakket of samenstelling van losse producten)
10023425376589,afslankpakket-2,Afslankpakket,,variant,geen SKU (pakket of samenstelling van losse producten)
10023425376589,afslankpakket-2,Afslankpakket,,variant,geen SKU (pakket of samenstelling van losse producten)
10023425376589,afslankpakket-2,Afslankpakket,,variant,geen SKU (pakket of samenstelling van losse producten)
10023425376589,afslankpakket-2,Afslankpakket,,variant,geen SKU (pakket of samenstelling van losse producten)
10023425376589,afslankpakket-2,Afslankpakket,,variant,geen SKU (pakket of samenstelling van losse producten)
8965180195149,receptenboek,Receptenboek Protein,RB,product,producttype 'Receptenboek' is geen voedingsmiddel of supplement
8727750541645,sokken-m,Sokken,SOK 36-40,product,producttype '(leeg)' is geen voedingsmiddel of supplement
8727750541645,sokken-m,Sokken,SOK 41-44,product,producttype '(leeg)' is geen voedingsmiddel of supplement
8609271284045,cadeaubon-winkelmandje,Orangefit Cadeaubon (Gift),CB3,product,producttype 'Cadeaubon' is geen voedingsmiddel of supplement
8548904567117,diet-bar-display-marktplaatsen,Diet Bar Display (Marktplaatsen),DBC60-DBC60-DBC60-DBC60-DBC60-DBC60-DBC60-DBC60-DBC60-DBC60-DBC60-DBC60|L274-L274-L274-L274-L274-L274-L274-L274-L274-L273-L273-L273,product,"display voor marktplaatsen (bol e.d.), dubbel met de gewone variant"
8548891427149,protein-bar-display-marktplaatsen,Protein Bar Display (Marktplaatsen),PBCC50-PBCC50-PBCC50-PBCC50-PBCC50-PBCC50-PBCC50-PBCC50-PBCC50-PBCC50-PBCC50-PBCC50|L282-L282-L282-L282-L282-L282-L282-L282-L282-L282-L282-L283,product,"display voor marktplaatsen (bol e.d.), dubbel met de gewone variant"
5856988364872,orangefit-cadeaubon,Orangefit Cadeaubon,CB10,product,producttype 'Cadeaubon' is geen voedingsmiddel of supplement
5856988364872,orangefit-cadeaubon,Orangefit Cadeaubon,CB25,product,producttype 'Cadeaubon' is geen voedingsmiddel of supplement
5856988364872,orangefit-cadeaubon,Orangefit Cadeaubon,CB50,product,producttype 'Cadeaubon' is geen voedingsmiddel of supplement
5519930982472,vitaminepakket,Dagelijks vitaminepakket,PRO-O3-M3-D3|L1497-L1497-L1498-L1498,variant,"SKU 'PRO-O3-M3-D3|L1497-L1497-L1498-L1498' is een samengestelde pakketcode, geen artikel"
5519930654792,hero-pakket,Hero Pakket,HV1000-HV1000-FS750|L2490-L2490-H0,variant,"SKU 'HV1000-HV1000-FS750|L2490-L2490-H0' is een samengestelde pakketcode, geen artikel"
5519930654792,hero-pakket,Hero Pakket,HV1000-HB1000-FS750|L2490-L2490-H0,variant,"SKU 'HV1000-HB1000-FS750|L2490-L2490-H0' is een samengestelde pakketcode, geen artikel"
5519930654792,hero-pakket,Hero Pakket,HB1000-HV1000-FS750|L2490-L2490-H0,variant,"SKU 'HB1000-HV1000-FS750|L2490-L2490-H0' is een samengestelde pakketcode, geen artikel"
5519930654792,hero-pakket,Hero Pakket,HB1000-HB1000-FS750|L2490-L2490-H0,variant,"SKU 'HB1000-HB1000-FS750|L2490-L2490-H0' is een samengestelde pakketcode, geen artikel"
5519924723784,katoenen-tas,Tote Bag,TAS,product,producttype 'Tas' is geen voedingsmiddel of supplement
4638185521224,fit-shaker,Fit Shaker,FS750,product,producttype 'Shaker' is geen voedingsmiddel of supplement
