handle,titel,onderdelen,tekens_tekst,afbeeldingen,wij_vorm,je_vorm,leverancier_url
orangefit-vezels,Orangefit Vezels,samenvatting|voordelen|ingrediënten|voedingswaarden|vezels|faq,4078,1,1,33,https://www.orangefit.nl/producten/vezels/vezels
orangefit-creatine,Orangefit Creatine,samenvatting|voordelen|ingrediënten|voedingswaarden|faq,6102,1,3,54,https://www.orangefit.nl/producten/creatine/creatine
orangefit-protein-overnight-oats,Orangefit Overnight Oats,samenvatting|voordelen|ingrediënten|voedingswaarde|faq,4207,1,3,18,https://www.orangefit.nl/producten/overnight-oats/overnight-oats
orangefit-hydrate,Orangefit Hydrate,samenvatting|voordelen|ingrediënten|voedingswaarde|elektrolyten|faq,4275,2,4,27,https://www.orangefit.nl/producten/elektrolyten/hydrate
orangefit-collageen,Orangefit Collageen,voordelen|ingrediënten|voedingswaarde|vitamines & mineralen|faq,4103,3,6,21,https://www.orangefit.nl/producten/collageen/collageen-booster
orangefit-diet-bar,Orangefit Diet Bar,samenvatting|voordelen|ingrediënten|voedingswaarde|vitamines & mineralen|faq,6642,10,9,55,https://www.orangefit.nl/producten/maaltijdrepen/diet-bar
orangefit-protein-bar,Orangefit Protein Bar,voordelen|ingredienten|voedingswaarde|faq,3755,11,17,10,https://www.orangefit.nl/producten/eiwitrepen/vegan-protein-bar
orangefit-clear-protein,Orangefit Clear Protein,voordelen|ingrediënten|voedingswaarde|aminozuurprofiel|faq,5648,3,9,32,https://www.orangefit.nl/producten/eiwitshakes/clear-protein
orangefit-greens,Orangefit Greens,samenvatting|voordelen|ingrediënten|voedingswaarde|vitamines|faq,5236,2,12,24,https://www.orangefit.nl/producten/green-juice/greens
orangefit-protein-blend,Orangefit Protein Blend,samenvatting|voordelen|ingrediënten|voedingswaarde|aminozuurprofiel|faq,5795,4,10,31,https://www.orangefit.nl/producten/eiwitshakes/blend
orangefit-vitamine-d3,Orangefit Vitamine D3,voordelen|ingrediënten|voedingswaarde|faq,2686,2,9,12,https://www.orangefit.nl/producten/vitamines-mineralen/vitamine-d3
orangefit-omega-3,Orangefit Omega 3,samenvatting|voordelen|ingrediënten|voedingswaarde|faq,3733,2,10,16,https://www.orangefit.nl/producten/vitamines-mineralen/omega-3
orangefit-magnesium,Orangefit Magnesium,voordelen|ingrediënten|voedingswaarde|faq,3383,2,11,14,https://www.orangefit.nl/producten/vitamines-mineralen/magnesium
orangefit-hero,Orangefit Hero,samenvatting|voordelen|ingrediënten|voedingswaarde|vitamines & mineralen|faq,6782,2,3,26,https://www.orangefit.nl/producten/maaltijdshakes/hero
orangefit-probiotica,Orangefit Probiotica,voordelen|ingrediënten|voedingswaarde|faq,2875,2,10,10,https://www.orangefit.nl/producten/vitamines-mineralen/probiotica
orangefit-diet,Orangefit Diet,samenvatting|voordelen|ingrediënten|voedingswaarde|vitamines & mineralen|faq,11880,7,6,25,https://www.orangefit.nl/producten/afvalshakes/diet
orangefit-protein,Orangefit Protein,voordelen|ingrediënten|voedingswaarde|aminozuurprofiel|faq,7945,7,13,22,https://www.orangefit.nl/producten/eiwitshakes/vegan-protein
