handle,reden,fragment
vezels,sectie over Orangefits winkel,"Vezels kopen? We verzenden Orangefit® Vezels vanaf 50 euro gratis naar elk adres in Nederland, België en Duitsland. Met de combinatie van psyllium en glucomannan voeg je eenvoudig extra vezels toe aan"
creatine,sectie over Orangefits winkel,Creatine kopen? Bestel je op een werkdag vóór 22.00 uur? Dan heb je je creatine de volgende dag al in huis. Niet tevreden? Geen stress. Dan krijg je gewoon je geld terug. Orangefitters geven ons een 4
creatine,prijs van Orangefit,"100 servings / €0,15 per dag"
creatine,FAQ over Orangefits winkel,Hebben jullie ook abonnementen?
protein-overnight-oats,sectie over Orangefits winkel,"Overnight Oats kopen? We verzenden Orangefit ® Overnight Oats vanaf 50 euro gratis naar elk adres in Nederland, België en Duitsland. Toch niet tevreden? Geen stress. Dan krijg je gewoon je geld terug."
hydrate,sectie over Orangefits winkel,"Probeer de Hydrate! Op werkdagen voor 22.00 uur besteld is morgen al in huis. Niet tevreden? Geen stress, dan krijg je gewoon je geld terug. Vragen? Onze klantenservice helpt je graag!"
hydrate,FAQ over Orangefits winkel,Hebben jullie abonnementen?
collageen,sjabloon met reviewtelling,"Met {amount} reviews & een Trustpilot-score van {score} is Orangefit® Collageen dé favoriet voor natuurlijke ondersteuning van je huid, haar en nagels van blije Orangefitters."
collageen,sectie over Orangefits winkel,"Orangefit® Collageen kopen? We verzenden Orangefit® Collageen vanaf 50 euro gratis naar elk adres in Nederland. Orangefitters beoordelen ons gezamenlijk met een 4,8 uit 5 op Trustpilot. Toch niet tevr"
collageen,contact of site van Orangefit,Bekijk ook onze andere vitamine supplementen .
collageen,FAQ over Orangefits winkel,Hebben jullie abonnementen?
diet-bar,Orangefits klantgemeenschap,De Orangefit® Diet Bar is de vertrouwde maaltijdreep van Orangefitters.
diet-bar,ranglijst of testuitslag,"Nr. 1 Diet Shake, maar dan als Diet Bar"
diet-bar,kruisverkoop,Probeer dan een van onze eiwitrepen .
diet-bar,winkelactie van Orangefit,Dan is ons voedingsadvies wellicht iets voor jou.
diet-bar,winkelactie van Orangefit,Met het Afslankpakket maken we een persoonlijk voedingsschema voor je en ontvang je Orangefit Diet ® shakes plus een shaker.
diet-bar,FAQ over Orangefits winkel,Bieden jullie ook begeleiding of voedingsadvies?
protein-bar,sjabloon met reviewtelling,Met {amount} reviews & een Trustpilot-score van {score} is Orangefit® Protein Bar de vertrouwde eiwitrijke snack van blije Orangefitters.
protein-bar,sectie over Orangefits winkel,"Probeer onze Vegan Protein Bar nu! We verzenden onze Orangefit ® Protein Bar vanaf 50 euro gratis naar elk adres in Nederland, België en Duitsland. Toch niet tevreden over onze vegan proteïne reep? Da"
clear-protein,sjabloon met reviewtelling,Met {amount} reviews & een Trustpilot-score van {score} is Orangefit® Clear Protein de favoriete frisse proteïne drink van blije Orangefitters.
clear-protein,Aminozuurprofiel van smaak die niet in de catalogus staat,Blueberry
clear-protein,FAQ over Orangefits winkel,Hebben jullie abonnementen?
greens,garantie van Orangefit,Toch niet tevreden?
greens,kruisverkoop,Probeer dan onze Vegan Protein .
greens,FAQ over Orangefits winkel,Hebben jullie abonnementen?
protein-blend,Orangefits klantgemeenschap,Onze Blend is voor de Orangefitter die zijn herstel en spieropbouw wil versnellen.
protein-blend,winkelactie van Orangefit,Persoonlijk voedingsadvies
protein-blend,winkelactie van Orangefit,Bestel twee zakken Orangefit ® Blend en krijg gratis toegang tot ons voedingsadvies.
protein-blend,winkelactie van Orangefit,De experts van Orangefit ® creëren voor jou een op maat gemaakt voedingsadvies gebaseerd op je voorkeuren en leefstijl.
protein-blend,winkelactie van Orangefit,Wil je graag een voedingsschema dat 100% plantaardig of vegetarisch is?
protein-blend,FAQ over Orangefits winkel,Hebben jullie abonnementen?
vitamine-d3,sjabloon met reviewtelling,Met {amount} reviews & een Trustpilot-score van {score} ondersteunt Orangefit® Vitamine D3 het immuunsysteem van blije Orangefitters.
vitamine-d3,FAQ over Orangefits winkel,Hebben jullie abonnementen?
omega-3,sectie over Orangefits winkel,"Vegan omega-3 kopen Wil je een omega-3 supplement zonder vis? Dan zit je goed met Orangefit Omega-3. Je ontvangt je bestelling snel, en ben je niet tevreden, dan krijg je gewoon je geld terug."
omega-3,FAQ over Orangefits winkel,Hebben jullie abonnementen?
magnesium,sjabloon met reviewtelling,"Met {amount} reviews & een Trustpilot-score van {score} is het de keuze voor spieren, mentale balans en energie van blije Orangefitters."
magnesium,FAQ over Orangefits winkel,Hebben jullie abonnementen?
hero,FAQ over Orangefits winkel,Hebben jullie abonnementen?
hero,FAQ over Orangefits winkel,Is er ook een Starterspakket?
probiotica,sjabloon met reviewtelling,Met {amount} reviews & een Trustpilot-score van {score} is Orangefit® Probiotica geliefd om zijn kwaliteit en werking door blije Orangefitters.
probiotica,sectie over Orangefits winkel,Vegan probiotica-capsules kopen Bestel je op een werkdag vóór 22.00 uur? Dan heb je je probiotica de volgende dag al in huis. Niet tevreden? Geen stress. Dan krijg je gewoon je geld terug. Orangefitte
probiotica,FAQ over Orangefits winkel,Hebben jullie abonnementen?
diet,winkelactie van Orangefit,Gratis persoonlijk voedingsschema en shaker bij het Afslankpakket .
diet,sectie over Orangefits winkel,"Niet goed, geld terug Wil je verantwoord afvallen met echt resultaat? Bij Orangefit® zit je helemaal goed. We krijgen gemiddeld een 4,8 uit 5 van onze gebruikers op het onafhankelijke Trustpilot. Best"
diet,reviews van Orangefit,De Consumentenbond heeft in een uitgebreid onderzoek naar maaltijdvervangers Orangefit® Diet als Nr. 1 diet shake beoordeeld!
diet,ranglijst of testuitslag,Uit maar liefst 27 geteste producten kwam onze shake als beste uit de test.
diet,winkelactie van Orangefit,"Bestel je het Afslankpakket , dan ontvang je er gratis persoonlijk voedingsadvies bij t.w.v. € 49,90."
diet,ranglijst of testuitslag,Resultaat : nr.1 in test Consumentenbond
diet,winkelactie van Orangefit,Met het Afslankpakket maken we een persoonlijk voedingsschema voor je en ontvang je twee zakken Orangefit ® Diet plus een Fit Shaker.
diet,FAQ over Orangefits winkel,Is er een starterspakket of proefpakket?
diet,FAQ over Orangefits winkel,Hebben jullie abonnementen?
protein,Orangefits klantgemeenschap,Orangefit® Protein is de vertrouwde keuze voor 'n fitter leven van duizenden blije Orangefitters.
protein,winkelactie van Orangefit,Gratis shaker bij het Protein Pakket .
protein,sectie over Orangefits winkel,"Vegan eiwitpoeder kopen? We verzenden Orangefit ® Protein vanaf 50 euro gratis naar elk adres in Nederland, België en Duitsland. Toch niet tevreden over onze vegan proteïne? Dan krijg je gewoon je gel"
protein,ranglijst of testuitslag,De Nr. 1 vegan protein voor meer eiwitten
protein,reviews van Orangefit,"Met meer dan 5.000 reviews via het onafhankelijk Trustpilot en een score van 4,8 uit 5 is onze vegan Protein de Nr. 1 van Nederland en zelfs Europa."
protein,Aminozuurprofiel van smaak die niet in de catalogus staat,Blueberry
protein,FAQ over Orangefits winkel,Hebben jullie abonnementen?
protein,FAQ over Orangefits winkel,Is er ook een starterspakket?
protein,FAQ over Orangefits winkel,Geven jullie voedingsadvies?
